All/001_Pelvis_Bend_25_JCM,0,,Pelvis,25,,,,,
All/002_Pelvis_Bend_N25_JCM,0,,Pelvis,-25,,,,,
All/003_Pelvis_Twist_15,0,,Pelvis,,15,,,,
All/004_Pelvis_Twist_N15,0,,Pelvis,,-15,,,,
All/005_Pelvis_Side_10,0,,Pelvis,,,10,,,
All/006_Pelvis_Side_N10,0,,Pelvis,,,-10,,,
All/007_Abdomen Lower_Bend_35_JCM,0,,Abdomen Lower,35,,,,,
All/008_Abdomen Lower_Bend_N20_JCM,0,,Abdomen Lower,-20,,,,,
All/009_Abdomen Lower_Twist_15,0,,Abdomen Lower,,15,,,,
All/010_Abdomen Lower_Twist_N15,0,,Abdomen Lower,,-15,,,,
All/011_Abdomen Lower_Side_15,0,,Abdomen Lower,,,15,,,
All/012_Abdomen Lower_Side_N15,0,,Abdomen Lower,,,-15,,,
All/013_Abdomen Upper_Bend_40_JCM,0,,Abdomen Upper,40,,,,,
All/014_Abdomen Upper_Bend_N25_JCM,0,,Abdomen Upper,-25,,,,,
All/015_Abdomen Upper_Twist_20,0,,Abdomen Upper,,20,,,,
All/016_Abdomen Upper_Twist_N20,0,,Abdomen Upper,,-20,,,,
All/017_Abdomen Upper_Side_24,0,,Abdomen Upper,,,24,,,
All/018_Abdomen Upper_Side_N24,0,,Abdomen Upper,,,-24,,,
All/019_Chest Lower_Bend_35_JCM,0,,Chest Lower,35,,,,,
All/020_Chest Lower_Bend_N25,0,,Chest Lower,-25,,,,,
All/021_Chest Lower_Twist_12,0,,Chest Lower,,12,,,,
All/022_Chest Lower_Twist_N12,0,,Chest Lower,,-12,,,,
All/023_Chest Lower_Side_20_JCM,0,,Chest Lower,,,20,,,
All/024_Chest Lower_Side_N20_JCM,0,,Chest Lower,,,-20,,,
All/025_Chest Upper_Bend_15,0,,Chest Upper,15,,,,,
All/026_Chest Upper_Bend_N15,0,,Chest Upper,-15,,,,,
All/027_Chest Upper_Twist_10,0,,Chest Upper,,10,,,,
All/028_Chest Upper_Twist_N10,0,,Chest Upper,,-10,,,,
All/029_Chest Upper_Side_10,0,,Chest Upper,,,10,,,
All/030_Chest Upper_Side_N10,0,,Chest Upper,,,-10,,,
All/031_Neck Lower_Bend_40,0,,Neck Lower,40,,,,,
All/032_Neck Lower_Bend_N25,0,,Neck Lower,-25,,,,,
All/033_Neck Lower_Twist_22_JCM,0,,Neck Lower,,22,,,,
All/034_Neck Lower_Twist_N22_JCM,0,,Neck Lower,,-22,,,,
All/035_Neck Lower_Side_40_JCM,0,,Neck Lower,,,40,,,
All/036_Neck Lower_Side_N40_JCM,0,,Neck Lower,,,-40,,,
All/037_Neck Upper_Bend_12,0,,Neck Upper,12,,,,,
All/038_Neck Upper_Bend_N27,0,,Neck Upper,-27,,,,,
All/039_Neck Upper_Twist_22,0,,Neck Upper,,22,,,,
All/040_Neck Upper_Twist_N22,0,,Neck Upper,,-22,,,,
All/041_Neck Upper_Side_10,0,,Neck Upper,,,10,,,
All/042_Neck Upper_Side_N10,0,,Neck Upper,,,-10,,,
,0,,Neck Lower,40,,,,,
All/043_Neck Upper_Bend_12_JCM,,,Neck Upper,12,,,,,
,0,,Neck Lower,-25,,,,,
All/044_Neck Upper_Bend_N27_JCM,,,Neck Upper,-27,,,,,
All/045_Head_Bend_25_JCM,0,,Head,25,,,,,
All/046_Head_Bend_N27_JCM,0,,Head,-27,,,,,
All/047_Head_Bend_N30,0,,Head,-30,,,,,
All/048_Head_Twist_22,0,,Head,,22,,,,
All/049_Head_Twist_N22,0,,Head,,-22,,,,
All/050_Head_Side_20,0,,Head,,,20,,,
All/051_Head_Side_N20,0,,Head,,,-20,,,
All/052_Lower Jaw_UpDown_25,0,,Lower Jaw,25,,,,,
All/053_Lower Jaw_UpDown_N10,0,,Lower Jaw,-10,,,,,
All/054_Lower Jaw_Side_12,0,,Lower Jaw,,12,,,,
All/055_Lower Jaw_Side_N12,0,,Lower Jaw,,-12,,,,
All/056_Lower Jaw_X Translate_1,0,,Lower Jaw,,,,1,,
All/057_Lower Jaw_X Translate_N1,0,,Lower Jaw,,,,-1,,
All/058_Lower Jaw_Y Translate_1,0,,Lower Jaw,,,,,1,
All/059_Lower Jaw_Y Translate_N1,0,,Lower Jaw,,,,,-1,
All/060_Lower Jaw_Z Translate_1,0,,Lower Jaw,,,,,,1
All/061_Lower Jaw_Z Translate_N1,0,,Lower Jaw,,,,,,-1
All/062_Below Jaw_X Rotate_30,0,,Below Jaw,30,,,,,
All/063_Below Jaw_X Rotate_N30,0,,Below Jaw,-30,,,,,
All/064_Below Jaw_Y Rotate_30,0,,Below Jaw,,30,,,,
All/065_Below Jaw_Y Rotate_N30,0,,Below Jaw,,-30,,,,
All/066_Below Jaw_Z Rotate_30,0,,Below Jaw,,,30,,,
All/067_Below Jaw_Z Rotate_N30,0,,Below Jaw,,,-30,,,
All/068_Below Jaw_X Translate_2,0,,Below Jaw,,,,2,,
All/069_Below Jaw_X Translate_N2,0,,Below Jaw,,,,-2,,
All/070_Below Jaw_Y Translate_2,0,,Below Jaw,,,,,2,
All/071_Below Jaw_Y Translate_N2,0,,Below Jaw,,,,,-2,
All/072_Below Jaw_Z Translate_2,0,,Below Jaw,,,,,,2
All/073_Below Jaw_Z Translate_N2,0,,Below Jaw,,,,,,-2
All/074_Left Thigh Bend_Bend_35_JCM,0,,Left Thigh Bend,35,,,,,
All/075_Left Thigh Bend_Bend_N57_JCM,0,,Left Thigh Bend,-57,,,,,
All/076_Left Thigh Bend_Bend_N115_JCM,0,,Left Thigh Bend,-115,,,,,
All/077_Left Thigh Bend_Bend_N96_JCM,0,,Left Thigh Bend,-96,,,,,
All/078_Left Thigh Bend_Bend_N77_JCM,0,,Left Thigh Bend,-77,,,,,
All/079_Left Thigh Bend_Bend_N39_JCM,0,,Left Thigh Bend,-39,,,,,
All/080_Left Thigh Bend_Bend_N20_JCM,0,,Left Thigh Bend,-20,,,,,
All/081_Left Thigh Bend_Bend_N1_JCM,0,,Left Thigh Bend,-1,,,,,
All/082_Left Thigh Bend_Bend_17_JCM,0,,Left Thigh Bend,17,,,,,
All/083_Left Thigh Bend_Side_85_JCM,0,,Left Thigh Bend,,,85,,,
All/084_Left Thigh Bend_Side_72_JCM,0,,Left Thigh Bend,,,72,,,
All/085_Left Thigh Bend_Side_58_JCM,0,,Left Thigh Bend,,,58,,,
All/086_Left Thigh Bend_Side_44_JCM,0,,Left Thigh Bend,,,44,,,
All/087_Left Thigh Bend_Side_30_JCM,0,,Left Thigh Bend,,,30,,,
All/088_Left Thigh Bend_Side_16_JCM,0,,Left Thigh Bend,,,16,,,
All/089_Left Thigh Bend_Side_2_JCM,0,,Left Thigh Bend,,,2,,,
All/090_Left Thigh Bend_Side_N12,0,,Left Thigh Bend,,,-12,,,
All/091_Left Thigh Bend_Side_N26,0,,Left Thigh Bend,,,-26,,,
All/092_Left Thigh Twist_Twist_75,0,,Left Thigh Twist,,75,,,,
All/093_Left Thigh Twist_Twist_N75,0,,Left Thigh Twist,,-75,,,,
All/094_Left Shin_Bend_90_JCM,0,,Left Shin,90,,,,,
All/095_Left Shin_Bend_155_JCM,0,,Left Shin,155,,,,,
All/096_Left Shin_Bend_N11_JCM,0,,Left Shin,-11,,,,,
All/097_Left Shin_Bend_10_JCM,0,,Left Shin,10,,,,,
All/098_Left Shin_Bend_31_JCM,0,,Left Shin,31,,,,,
All/099_Left Shin_Bend_52_JCM,0,,Left Shin,52,,,,,
All/100_Left Shin_Bend_73_JCM,0,,Left Shin,73,,,,,
All/101_Left Shin_Bend_115_JCM,0,,Left Shin,115,,,,,
All/102_Left Shin_Bend_135_JCM,0,,Left Shin,135,,,,,
All/103_Left Shin_Twist_10,0,,Left Shin,,10,,,,
All/104_Left Shin_Twist_N25,0,,Left Shin,,-25,,,,
All/105_Left Shin_Side_5,0,,Left Shin,,,5,,,
All/106_Left Shin_Side_N5,0,,Left Shin,,,-5,,,
All/107_Left Foot_Bend_65_JCM,0,,Left Foot,65,,,,,
All/108_Left Foot_Bend_75_JCM,0,,Left Foot,75,,,,,
All/109_Left Foot_Bend_N40_JCM,0,,Left Foot,-40,,,,,
All/110_Left Foot_Bend_N45_JCM,0,,Left Foot,-45,,,,,
All/111_Left Foot_Side_10,0,,Left Foot,,10,,,,
All/112_Left Foot_Side_N25,0,,Left Foot,,-25,,,,
All/113_Left Foot_Twist_15,0,,Left Foot,,,15,,,
All/114_Left Foot_Twist_N35,0,,Left Foot,,,-35,,,
All/115_Left Metatarsals_Bend_25,0,,Left Metatarsals,25,,,,,
All/116_Left Metatarsals_Bend_N20,0,,Left Metatarsals,-20,,,,,
All/117_Left Metatarsals_Twist_20,0,,Left Metatarsals,,,20,,,
All/118_Left Metatarsals_Twist_N20,0,,Left Metatarsals,,,-20,,,
All/119_Left Toes_Bend_40,0,,Left Toes,40,,,,,
All/120_Left Toes_Bend_N60_JCM,0,,Left Toes,-60,,,,,
All/121_Left Toes_Twist_20,0,,Left Toes,,,20,,,
All/122_Left Toes_Twist_N20,0,,Left Toes,,,-20,,,
All/123_Left Small Toe 4_Bend_45,0,,Left Small Toe 4,45,,,,,
All/124_Left Small Toe 4_Bend_N65,0,,Left Small Toe 4,-65,,,,,
All/125_Left Small Toe 4_Side_20,0,,Left Small Toe 4,,20,,,,
All/126_Left Small Toe 4_Side_N10,0,,Left Small Toe 4,,-10,,,,
All/127_Left Small Toe 4_Twist_5,0,,Left Small Toe 4,,,5,,,
All/128_Left Small Toe 4_Twist_N5,0,,Left Small Toe 4,,,-5,,,
All/129_Left Small Toe 4_2_Bend_40,0,,Left Small Toe 4_2,40,,,,,
All/130_Left Small Toe 4_2_Bend_N30,0,,Left Small Toe 4_2,-30,,,,,
All/131_Left Small Toe 3_Bend_45,0,,Left Small Toe 3,45,,,,,
All/132_Left Small Toe 3_Bend_N65,0,,Left Small Toe 3,-65,,,,,
All/133_Left Small Toe 3_Side_10,0,,Left Small Toe 3,,10,,,,
All/134_Left Small Toe 3_Side_N10,0,,Left Small Toe 3,,-10,,,,
All/135_Left Small Toe 3_Twist_5,0,,Left Small Toe 3,,,5,,,
All/136_Left Small Toe 3_Twist_N5,0,,Left Small Toe 3,,,-5,,,
All/137_Left Small Toe 3_2_Bend_50,0,,Left Small Toe 3_2,50,,,,,
All/138_Left Small Toe 3_2_Bend_N30,0,,Left Small Toe 3_2,-30,,,,,
All/139_Left Small Toe 2_Bend_45,0,,Left Small Toe 2,45,,,,,
All/140_Left Small Toe 2_Bend_N65,0,,Left Small Toe 2,-65,,,,,
All/141_Left Small Toe 2_Side_10,0,,Left Small Toe 2,,10,,,,
All/142_Left Small Toe 2_Side_N10,0,,Left Small Toe 2,,-10,,,,
All/143_Left Small Toe 2_Twist_5,0,,Left Small Toe 2,,,5,,,
All/144_Left Small Toe 2_Twist_N5,0,,Left Small Toe 2,,,-5,,,
All/145_Left Small Toe 2_2_Bend_50,0,,Left Small Toe 2_2,50,,,,,
All/146_Left Small Toe 2_2_Bend_N30,0,,Left Small Toe 2_2,-30,,,,,
All/147_Left Small Toe 1_Bend_45,0,,Left Small Toe 1,45,,,,,
All/148_Left Small Toe 1_Bend_N65,0,,Left Small Toe 1,-65,,,,,
All/149_Left Small Toe 1_Side_10,0,,Left Small Toe 1,,10,,,,
All/150_Left Small Toe 1_Side_N10,0,,Left Small Toe 1,,-10,,,,
All/151_Left Small Toe 1_Twist_5,0,,Left Small Toe 1,,,5,,,
All/152_Left Small Toe 1_Twist_N5,0,,Left Small Toe 1,,,-5,,,
All/153_Left Small Toe 1_2_Bend_40,0,,Left Small Toe 1_2,40,,,,,
All/154_Left Small Toe 1_2_Bend_N30,0,,Left Small Toe 1_2,-30,,,,,
All/155_Left Big Toe_Bend_45_JCM,0,,Left Big Toe,45,,,,,
All/156_Left Big Toe_Bend_N65,0,,Left Big Toe,-65,,,,,
All/157_Left Big Toe_Side_10,0,,Left Big Toe,,10,,,,
All/158_Left Big Toe_Side_N15,0,,Left Big Toe,,-15,,,,
All/159_Left Big Toe_Twist_5,0,,Left Big Toe,,,5,,,
All/160_Left Big Toe_Twist_N5,0,,Left Big Toe,,,-5,,,
All/161_Left Big Toe_2_Bend_60,0,,Left Big Toe_2,60,,,,,
All/162_Left Big Toe_2_Bend_N30,0,,Left Big Toe_2,-30,,,,,
All/163_Left Pectoral_UpDown_10,0,,Left Pectoral,10,,,,,
All/164_Left Pectoral_UpDown_N10,0,,Left Pectoral,-10,,,,,
All/165_Left Pectoral_Side_10,0,,Left Pectoral,,10,,,,
All/166_Left Pectoral_Side_N10,0,,Left Pectoral,,-10,,,,
All/167_Left Pectoral_Twist_15,0,,Left Pectoral,,,15,,,
All/168_Left Pectoral_Twist_N15,0,,Left Pectoral,,,-15,,,
All/169_Left Pectoral_X Translate_3,0,,Left Pectoral,,,,3,,
All/170_Left Pectoral_X Translate_N3,0,,Left Pectoral,,,,-3,,
All/171_Left Pectoral_Y Translate_3,0,,Left Pectoral,,,,,3,
All/172_Left Pectoral_Y Translate_N3,0,,Left Pectoral,,,,,-3,
All/173_Left Pectoral_Z Translate_3,0,,Left Pectoral,,,,,,3
All/174_Left Pectoral_Z Translate_N3,0,,Left Pectoral,,,,,,-3
All/175_Left Collar_Twist_30_JCM,0,,Left Collar,30,,,,,
All/176_Left Collar_Twist_N30_JCM,0,,Left Collar,-30,,,,,
All/177_Left Collar_FrontBack_17_JCM,0,,Left Collar,,17,,,,
All/178_Left Collar_FrontBack_N26,0,,Left Collar,,-26,,,,
All/179_Left Collar_Bend_55_JCM,0,,Left Collar,,,55,,,
All/180_Left Collar_Bend_N10,0,,Left Collar,,,-10,,,
All/181_Left Shoulder Bend_FrontBack_40,0,,Left Shoulder Bend,,40,,,,
All/182_Left Shoulder Bend_FrontBack_N110_JCM,0,,Left Shoulder Bend,,-110,,,,
All/183_Left Shoulder Bend_FrontBack_N91_JCM,0,,Left Shoulder Bend,,-91,,,,
All/184_Left Shoulder Bend_FrontBack_N72_JCM,0,,Left Shoulder Bend,,-72,,,,
All/185_Left Shoulder Bend_FrontBack_N53_JCM,0,,Left Shoulder Bend,,-53,,,,
All/186_Left Shoulder Bend_FrontBack_N34_JCM,0,,Left Shoulder Bend,,-34,,,,
All/187_Left Shoulder Bend_FrontBack_N15_JCM,0,,Left Shoulder Bend,,-15,,,,
All/188_Left Shoulder Bend_FrontBack_4,0,,Left Shoulder Bend,,4,,,,
All/189_Left Shoulder Bend_FrontBack_22,0,,Left Shoulder Bend,,22,,,,
All/190_Left Shoulder Bend_Bend_90_JCM,0,,Left Shoulder Bend,,,90,,,
All/191_Left Shoulder Bend_Bend_N40_JCM,0,,Left Shoulder Bend,,,-40,,,
All/192_Left Shoulder Bend_Bend_N23_JCM,0,,Left Shoulder Bend,,,-23,,,
All/193_Left Shoulder Bend_Bend_N6_JCM,0,,Left Shoulder Bend,,,-6,,,
All/194_Left Shoulder Bend_Bend_10_JCM,0,,Left Shoulder Bend,,,10,,,
All/195_Left Shoulder Bend_Bend_26_JCM,0,,Left Shoulder Bend,,,26,,,
All/196_Left Shoulder Bend_Bend_42_JCM,0,,Left Shoulder Bend,,,42,,,
All/197_Left Shoulder Bend_Bend_58_JCM,0,,Left Shoulder Bend,,,58,,,
All/198_Left Shoulder Bend_Bend_74_JCM,0,,Left Shoulder Bend,,,74,,,
All/199_Left Shoulder Twist_Twist_80,0,,Left Shoulder Twist,80,,,,,
All/200_Left Shoulder Twist_Twist_N95,0,,Left Shoulder Twist,-95,,,,,
All/201_Left Shoulder Bend_FrontN110Bend_N40_JCM,0,,Left Shoulder Bend,,-110,-40,,,
All/202_Left Shoulder Bend_FrontN97Bend_N35_JCM,0,,Left Shoulder Bend,,-97,-35,,,
All/203_Left Shoulder Bend_FrontN83Bend_N30_JCM,0,,Left Shoulder Bend,,-83,-30,,,
All/204_Left Shoulder Bend_FrontN69Bend_N25_JCM,0,,Left Shoulder Bend,,-69,-25,,,
All/205_Left Shoulder Bend_FrontN55Bend_N20_JCM,0,,Left Shoulder Bend,,-55,-20,,,
All/206_Left Shoulder Bend_FrontN41Bend_N15_JCM,0,,Left Shoulder Bend,,-41,-15,,,
All/207_Left Shoulder Bend_FrontN27Bend_N10_JCM,0,,Left Shoulder Bend,,-27,-10,,,
All/208_Left Shoulder Bend_FrontN14Bend_N5_JCM,0,,Left Shoulder Bend,,-14,-5,,,
All/209_Left Shoulder Bend_FrontN110Bend_90_JCM,0,,Left Shoulder Bend,,-110,90,,,
All/210_Left Shoulder Bend_FrontN97Bend_79_JCM,0,,Left Shoulder Bend,,-97,79,,,
All/211_Left Shoulder Bend_FrontN83Bend_68_JCM,0,,Left Shoulder Bend,,-83,68,,,
All/212_Left Shoulder Bend_FrontN69Bend_57_JCM,0,,Left Shoulder Bend,,-69,57,,,
All/213_Left Shoulder Bend_FrontN55Bend_45_JCM,0,,Left Shoulder Bend,,-55,45,,,
All/214_Left Shoulder Bend_FrontN41Bend_34_JCM,0,,Left Shoulder Bend,,-41,34,,,
All/215_Left Shoulder Bend_FrontN27Bend_23_JCM,0,,Left Shoulder Bend,,-27,23,,,
All/216_Left Shoulder Bend_FrontN14Bend_11_JCM,0,,Left Shoulder Bend,,-14,11,,,
All/217_Left Forearm Bend_Bend_20_JCM,0,,Left Forearm Bend,,20,,,,
All/218_Left Forearm Bend_Bend_N75_JCM,0,,Left Forearm Bend,,-75,,,,
All/219_Left Forearm Bend_Bend_N135_JCM,0,,Left Forearm Bend,,-135,,,,
All/220_Left Forearm Bend_Bend_N115_JCM,0,,Left Forearm Bend,,-115,,,,
All/221_Left Forearm Bend_Bend_N95_JCM,0,,Left Forearm Bend,,-95,,,,
All/222_Left Forearm Bend_Bend_N56_JCM,0,,Left Forearm Bend,,-56,,,,
All/223_Left Forearm Bend_Bend_N37_JCM,0,,Left Forearm Bend,,-37,,,,
All/224_Left Forearm Bend_Bend_N18_JCM,0,,Left Forearm Bend,,-18,,,,
All/225_Left Forearm Bend_Bend_1,0,,Left Forearm Bend,,1,,,,
All/226_Left Forearm Twist_Twist_80,0,,Left Forearm Twist,80,,,,,
All/227_Left Forearm Twist_Twist_N90,0,,Left Forearm Twist,-90,,,,,
,0,,Left Forearm Bend,,-110,,,,
All/228_Left Forearm Twist_Twist_N90_JCM,,,Left Forearm Twist,-90,,,,,
All/229_Left Hand_Twist_10,0,,Left Hand,10,,,,,
All/230_Left Hand_Twist_N10,0,,Left Hand,-10,,,,,
All/231_Left Hand_Side_30,0,,Left Hand,,30,,,,
All/232_Left Hand_Side_N28,0,,Left Hand,,-28,,,,
All/233_Left Hand_Bend_80_JCM,0,,Left Hand,,,80,,,
All/234_Left Hand_Bend_N70_JCM,0,,Left Hand,,,-70,,,
All/235_Left Hand_Bend_N51_JCM,0,,Left Hand,,,-51,,,
All/236_Left Hand_Bend_N32_JCM,0,,Left Hand,,,-32,,,
All/237_Left Hand_Bend_N13_JCM,0,,Left Hand,,,-13,,,
All/238_Left Hand_Bend_6_JCM,0,,Left Hand,,,6,,,
All/239_Left Hand_Bend_25_JCM,0,,Left Hand,,,25,,,
All/240_Left Hand_Bend_44_JCM,0,,Left Hand,,,44,,,
All/241_Left Hand_Bend_62_JCM,0,,Left Hand,,,62,,,
All/242_Left Thumb 1_Twist_36,0,,Left Thumb 1,36,,,,,
All/243_Left Thumb 1_Twist_N15,0,,Left Thumb 1,-15,,,,,
All/244_Left Thumb 1_Bend_40,0,,Left Thumb 1,,40,,,,
All/245_Left Thumb 1_Bend_50_JCM,0,,Left Thumb 1,,50,,,,
All/246_Left Thumb 1_Bend_N26,0,,Left Thumb 1,,-26,,,,
All/247_Left Thumb 1_UpDown_20_JCM,0,,Left Thumb 1,,,20,,,
All/248_Left Thumb 1_UpDown_N20,0,,Left Thumb 1,,,-20,,,
All/249_Left Thumb 2_Bend_65_JCM,0,,Left Thumb 2,,65,,,,
All/250_Left Thumb 2_Bend_N15,0,,Left Thumb 2,,-15,,,,
All/251_Left Thumb 3_Bend_90_JCM,0,,Left Thumb 3,,90,,,,
All/252_Left Thumb 3_Bend_77_JCM,0,,Left Thumb 3,,77,,,,
All/253_Left Thumb 3_Bend_64_JCM,0,,Left Thumb 3,,64,,,,
All/254_Left Thumb 3_Bend_50_JCM,0,,Left Thumb 3,,50,,,,
All/255_Left Thumb 3_Bend_36_JCM,0,,Left Thumb 3,,36,,,,
All/256_Left Thumb 3_Bend_22_JCM,0,,Left Thumb 3,,22,,,,
All/257_Left Thumb 3_Bend_8_JCM,0,,Left Thumb 3,,8,,,,
All/258_Left Thumb 3_Bend_N6,0,,Left Thumb 3,,-6,,,,
All/259_Left Thumb 3_Bend_N20,0,,Left Thumb 3,,-20,,,,
All/260_Left Carpal 1_Side_4,0,,Left Carpal 1,,4,,,,
All/261_Left Carpal 1_Side_N3,0,,Left Carpal 1,,-3,,,,
All/262_Left Carpal 1_Bend_4,0,,Left Carpal 1,,,4,,,
All/263_Left Carpal 1_Bend_N4,0,,Left Carpal 1,,,-4,,,
All/264_Left Index 1_Twist_5,0,,Left Index 1,5,,,,,
All/265_Left Index 1_Twist_N5,0,,Left Index 1,-5,,,,,
All/266_Left Index 1_Side_12,0,,Left Index 1,,12,,,,
All/267_Left Index 1_Side_N18,0,,Left Index 1,,-18,,,,
All/268_Left Index 1_Bend_50,0,,Left Index 1,,,50,,,
All/269_Left Index 1_Bend_N90_JCM,0,,Left Index 1,,,-90,,,
All/270_Left Index 1_Bend_N72_JCM,0,,Left Index 1,,,-72,,,
All/271_Left Index 1_Bend_N54_JCM,0,,Left Index 1,,,-54,,,
All/272_Left Index 1_Bend_N36_JCM,0,,Left Index 1,,,-36,,,
All/273_Left Index 1_Bend_N18_JCM,0,,Left Index 1,,,-18,,,
All/274_Left Index 1_Bend_N1_JCM,0,,Left Index 1,,,-1,,,
All/275_Left Index 1_Bend_16,0,,Left Index 1,,,16,,,
All/276_Left Index 1_Bend_33,0,,Left Index 1,,,33,,,
All/277_Left Index 2_Bend_12,0,,Left Index 2,,,12,,,
All/278_Left Index 2_Bend_N105_JCM,0,,Left Index 2,,,-105,,,
All/279_Left Index 2_Bend_N90_JCM,0,,Left Index 2,,,-90,,,
All/280_Left Index 2_Bend_N75_JCM,0,,Left Index 2,,,-75,,,
All/281_Left Index 2_Bend_N60_JCM,0,,Left Index 2,,,-60,,,
All/282_Left Index 2_Bend_N45_JCM,0,,Left Index 2,,,-45,,,
All/283_Left Index 2_Bend_N30_JCM,0,,Left Index 2,,,-30,,,
All/284_Left Index 2_Bend_N16_JCM,0,,Left Index 2,,,-16,,,
All/285_Left Index 2_Bend_N2_JCM,0,,Left Index 2,,,-2,,,
All/286_Left Index 3_Bend_20,0,,Left Index 3,,,20,,,
All/287_Left Index 3_Bend_N90_JCM,0,,Left Index 3,,,-90,,,
All/288_Left Index 3_Bend_N76_JCM,0,,Left Index 3,,,-76,,,
All/289_Left Index 3_Bend_N62_JCM,0,,Left Index 3,,,-62,,,
All/290_Left Index 3_Bend_N48_JCM,0,,Left Index 3,,,-48,,,
All/291_Left Index 3_Bend_N34_JCM,0,,Left Index 3,,,-34,,,
All/292_Left Index 3_Bend_N20_JCM,0,,Left Index 3,,,-20,,,
All/293_Left Index 3_Bend_N6_JCM,0,,Left Index 3,,,-6,,,
All/294_Left Index 3_Bend_7,0,,Left Index 3,,,7,,,
All/295_Left Carpal 2_Side_2,0,,Left Carpal 2,,2,,,,
All/296_Left Carpal 2_Side_N2,0,,Left Carpal 2,,-2,,,,
All/297_Left Carpal 2_Bend_4,0,,Left Carpal 2,,,4,,,
All/298_Left Carpal 2_Bend_N4,0,,Left Carpal 2,,,-4,,,
All/299_Left Mid 1_Twist_5,0,,Left Mid 1,5,,,,,
All/300_Left Mid 1_Twist_N5,0,,Left Mid 1,-5,,,,,
All/301_Left Mid 1_Side_12,0,,Left Mid 1,,12,,,,
All/302_Left Mid 1_Side_N12,0,,Left Mid 1,,-12,,,,
All/303_Left Mid 1_Bend_50,0,,Left Mid 1,,,50,,,
All/304_Left Mid 1_Bend_N95_JCM,0,,Left Mid 1,,,-95,,,
All/305_Left Mid 1_Bend_N76_JCM,0,,Left Mid 1,,,-76,,,
All/306_Left Mid 1_Bend_N58_JCM,0,,Left Mid 1,,,-58,,,
All/307_Left Mid 1_Bend_N40_JCM,0,,Left Mid 1,,,-40,,,
All/308_Left Mid 1_Bend_N22_JCM,0,,Left Mid 1,,,-22,,,
All/309_Left Mid 1_Bend_N4_JCM,0,,Left Mid 1,,,-4,,,
All/310_Left Mid 1_Bend_14,0,,Left Mid 1,,,14,,,
All/311_Left Mid 1_Bend_32,0,,Left Mid 1,,,32,,,
All/312_Left Mid 2_Bend_12,0,,Left Mid 2,,,12,,,
All/313_Left Mid 2_Bend_N105_JCM,0,,Left Mid 2,,,-105,,,
All/314_Left Mid 2_Bend_N90_JCM,0,,Left Mid 2,,,-90,,,
All/315_Left Mid 2_Bend_N75_JCM,0,,Left Mid 2,,,-75,,,
All/316_Left Mid 2_Bend_N60_JCM,0,,Left Mid 2,,,-60,,,
All/317_Left Mid 2_Bend_N45_JCM,0,,Left Mid 2,,,-45,,,
All/318_Left Mid 2_Bend_N30_JCM,0,,Left Mid 2,,,-30,,,
All/319_Left Mid 2_Bend_N16_JCM,0,,Left Mid 2,,,-16,,,
All/320_Left Mid 2_Bend_N2_JCM,0,,Left Mid 2,,,-2,,,
All/321_Left Mid 3_Bend_20,0,,Left Mid 3,,,20,,,
All/322_Left Mid 3_Bend_N90_JCM,0,,Left Mid 3,,,-90,,,
All/323_Left Mid 3_Bend_N76_JCM,0,,Left Mid 3,,,-76,,,
All/324_Left Mid 3_Bend_N62_JCM,0,,Left Mid 3,,,-62,,,
All/325_Left Mid 3_Bend_N48_JCM,0,,Left Mid 3,,,-48,,,
All/326_Left Mid 3_Bend_N34_JCM,0,,Left Mid 3,,,-34,,,
All/327_Left Mid 3_Bend_N20_JCM,0,,Left Mid 3,,,-20,,,
All/328_Left Mid 3_Bend_N6_JCM,0,,Left Mid 3,,,-6,,,
All/329_Left Mid 3_Bend_7,0,,Left Mid 3,,,7,,,
All/330_Left Carpal 3_Side_3,0,,Left Carpal 3,,3,,,,
All/331_Left Carpal 3_Side_N3,0,,Left Carpal 3,,-3,,,,
All/332_Left Carpal 3_Bend_4,0,,Left Carpal 3,,,4,,,
All/333_Left Carpal 3_Bend_N4,0,,Left Carpal 3,,,-4,,,
All/334_Left Ring 1_Twist_5,0,,Left Ring 1,5,,,,,
All/335_Left Ring 1_Twist_N5,0,,Left Ring 1,-5,,,,,
All/336_Left Ring 1_Side_12,0,,Left Ring 1,,12,,,,
All/337_Left Ring 1_Side_N12,0,,Left Ring 1,,-12,,,,
All/338_Left Ring 1_Bend_50,0,,Left Ring 1,,,50,,,
All/339_Left Ring 1_Bend_N90_JCM,0,,Left Ring 1,,,-90,,,
All/340_Left Ring 1_Bend_N72_JCM,0,,Left Ring 1,,,-72,,,
All/341_Left Ring 1_Bend_N54_JCM,0,,Left Ring 1,,,-54,,,
All/342_Left Ring 1_Bend_N36_JCM,0,,Left Ring 1,,,-36,,,
All/343_Left Ring 1_Bend_N18_JCM,0,,Left Ring 1,,,-18,,,
All/344_Left Ring 1_Bend_N1_JCM,0,,Left Ring 1,,,-1,,,
All/345_Left Ring 1_Bend_16,0,,Left Ring 1,,,16,,,
All/346_Left Ring 1_Bend_33,0,,Left Ring 1,,,33,,,
All/347_Left Ring 2_Bend_12,0,,Left Ring 2,,,12,,,
All/348_Left Ring 2_Bend_N105_JCM,0,,Left Ring 2,,,-105,,,
All/349_Left Ring 2_Bend_N90_JCM,0,,Left Ring 2,,,-90,,,
All/350_Left Ring 2_Bend_N75_JCM,0,,Left Ring 2,,,-75,,,
All/351_Left Ring 2_Bend_N60_JCM,0,,Left Ring 2,,,-60,,,
All/352_Left Ring 2_Bend_N45_JCM,0,,Left Ring 2,,,-45,,,
All/353_Left Ring 2_Bend_N30_JCM,0,,Left Ring 2,,,-30,,,
All/354_Left Ring 2_Bend_N16_JCM,0,,Left Ring 2,,,-16,,,
All/355_Left Ring 2_Bend_N2_JCM,0,,Left Ring 2,,,-2,,,
All/356_Left Ring 3_Bend_20,0,,Left Ring 3,,,20,,,
All/357_Left Ring 3_Bend_N90_JCM,0,,Left Ring 3,,,-90,,,
All/358_Left Ring 3_Bend_N76_JCM,0,,Left Ring 3,,,-76,,,
All/359_Left Ring 3_Bend_N62_JCM,0,,Left Ring 3,,,-62,,,
All/360_Left Ring 3_Bend_N48_JCM,0,,Left Ring 3,,,-48,,,
All/361_Left Ring 3_Bend_N34_JCM,0,,Left Ring 3,,,-34,,,
All/362_Left Ring 3_Bend_N20_JCM,0,,Left Ring 3,,,-20,,,
All/363_Left Ring 3_Bend_N6_JCM,0,,Left Ring 3,,,-6,,,
All/364_Left Ring 3_Bend_7,0,,Left Ring 3,,,7,,,
All/365_Left Carpal 4_Side_3,0,,Left Carpal 4,,3,,,,
All/366_Left Carpal 4_Side_N4,0,,Left Carpal 4,,-4,,,,
All/367_Left Carpal 4_Bend_4,0,,Left Carpal 4,,,4,,,
All/368_Left Carpal 4_Bend_N4,0,,Left Carpal 4,,,-4,,,
All/369_Left Pinky 1_Twist_5,0,,Left Pinky 1,5,,,,,
All/370_Left Pinky 1_Twist_N5,0,,Left Pinky 1,-5,,,,,
All/371_Left Pinky 1_Side_18,0,,Left Pinky 1,,18,,,,
All/372_Left Pinky 1_Side_N12,0,,Left Pinky 1,,-12,,,,
All/373_Left Pinky 1_Bend_50,0,,Left Pinky 1,,,50,,,
All/374_Left Pinky 1_Bend_N90_JCM,0,,Left Pinky 1,,,-90,,,
All/375_Left Pinky 1_Bend_N72_JCM,0,,Left Pinky 1,,,-72,,,
All/376_Left Pinky 1_Bend_N54_JCM,0,,Left Pinky 1,,,-54,,,
All/377_Left Pinky 1_Bend_N36_JCM,0,,Left Pinky 1,,,-36,,,
All/378_Left Pinky 1_Bend_N18_JCM,0,,Left Pinky 1,,,-18,,,
All/379_Left Pinky 1_Bend_N1_JCM,0,,Left Pinky 1,,,-1,,,
All/380_Left Pinky 1_Bend_16,0,,Left Pinky 1,,,16,,,
All/381_Left Pinky 1_Bend_33,0,,Left Pinky 1,,,33,,,
All/382_Left Pinky 2_Bend_12,0,,Left Pinky 2,,,12,,,
All/383_Left Pinky 2_Bend_N105_JCM,0,,Left Pinky 2,,,-105,,,
All/384_Left Pinky 2_Bend_N90_JCM,0,,Left Pinky 2,,,-90,,,
All/385_Left Pinky 2_Bend_N75_JCM,0,,Left Pinky 2,,,-75,,,
All/386_Left Pinky 2_Bend_N60_JCM,0,,Left Pinky 2,,,-60,,,
All/387_Left Pinky 2_Bend_N45_JCM,0,,Left Pinky 2,,,-45,,,
All/388_Left Pinky 2_Bend_N30_JCM,0,,Left Pinky 2,,,-30,,,
All/389_Left Pinky 2_Bend_N16_JCM,0,,Left Pinky 2,,,-16,,,
All/390_Left Pinky 2_Bend_N2_JCM,0,,Left Pinky 2,,,-2,,,
All/391_Left Pinky 3_Bend_20,0,,Left Pinky 3,,,20,,,
All/392_Left Pinky 3_Bend_N90_JCM,0,,Left Pinky 3,,,-90,,,
All/393_Left Pinky 3_Bend_N76_JCM,0,,Left Pinky 3,,,-76,,,
All/394_Left Pinky 3_Bend_N62_JCM,0,,Left Pinky 3,,,-62,,,
All/395_Left Pinky 3_Bend_N48_JCM,0,,Left Pinky 3,,,-48,,,
All/396_Left Pinky 3_Bend_N34_JCM,0,,Left Pinky 3,,,-34,,,
All/397_Left Pinky 3_Bend_N20_JCM,0,,Left Pinky 3,,,-20,,,
All/398_Left Pinky 3_Bend_N6_JCM,0,,Left Pinky 3,,,-6,,,
All/399_Left Pinky 3_Bend_7,0,,Left Pinky 3,,,7,,,
All/400_Right Thigh Bend_Bend_35_JCM,0,,Right Thigh Bend,35,,,,,
All/401_Right Thigh Bend_Bend_N57_JCM,0,,Right Thigh Bend,-57,,,,,
All/402_Right Thigh Bend_Bend_N115_JCM,0,,Right Thigh Bend,-115,,,,,
All/403_Right Thigh Bend_Bend_N96_JCM,0,,Right Thigh Bend,-96,,,,,
All/404_Right Thigh Bend_Bend_N77_JCM,0,,Right Thigh Bend,-77,,,,,
All/405_Right Thigh Bend_Bend_N39_JCM,0,,Right Thigh Bend,-39,,,,,
All/406_Right Thigh Bend_Bend_N20_JCM,0,,Right Thigh Bend,-20,,,,,
All/407_Right Thigh Bend_Bend_N1_JCM,0,,Right Thigh Bend,-1,,,,,
All/408_Right Thigh Bend_Bend_17_JCM,0,,Right Thigh Bend,17,,,,,
All/409_Right Thigh Bend_Side_N85_JCM,0,,Right Thigh Bend,,,-85,,,
All/410_Right Thigh Bend_Side_N72_JCM,0,,Right Thigh Bend,,,-72,,,
All/411_Right Thigh Bend_Side_N58_JCM,0,,Right Thigh Bend,,,-58,,,
All/412_Right Thigh Bend_Side_N44_JCM,0,,Right Thigh Bend,,,-44,,,
All/413_Right Thigh Bend_Side_N30_JCM,0,,Right Thigh Bend,,,-30,,,
All/414_Right Thigh Bend_Side_N16_JCM,0,,Right Thigh Bend,,,-16,,,
All/415_Right Thigh Bend_Side_N2_JCM,0,,Right Thigh Bend,,,-2,,,
All/416_Right Thigh Bend_Side_12,0,,Right Thigh Bend,,,12,,,
All/417_Right Thigh Bend_Side_26,0,,Right Thigh Bend,,,26,,,
All/418_Right Thigh Twist_Twist_N75,0,,Right Thigh Twist,,-75,,,,
All/419_Right Thigh Twist_Twist_75,0,,Right Thigh Twist,,75,,,,
All/420_Right Shin_Bend_90_JCM,0,,Right Shin,90,,,,,
All/421_Right Shin_Bend_155_JCM,0,,Right Shin,155,,,,,
All/422_Right Shin_Bend_N11_JCM,0,,Right Shin,-11,,,,,
All/423_Right Shin_Bend_10_JCM,0,,Right Shin,10,,,,,
All/424_Right Shin_Bend_31_JCM,0,,Right Shin,31,,,,,
All/425_Right Shin_Bend_52_JCM,0,,Right Shin,52,,,,,
All/426_Right Shin_Bend_73_JCM,0,,Right Shin,73,,,,,
All/427_Right Shin_Bend_115_JCM,0,,Right Shin,115,,,,,
All/428_Right Shin_Bend_135_JCM,0,,Right Shin,135,,,,,
All/429_Right Shin_Twist_N10,0,,Right Shin,,-10,,,,
All/430_Right Shin_Twist_25,0,,Right Shin,,25,,,,
All/431_Right Shin_Side_N5,0,,Right Shin,,,-5,,,
All/432_Right Shin_Side_5,0,,Right Shin,,,5,,,
All/433_Right Foot_Bend_65_JCM,0,,Right Foot,65,,,,,
All/434_Right Foot_Bend_75_JCM,0,,Right Foot,75,,,,,
All/435_Right Foot_Bend_N40_JCM,0,,Right Foot,-40,,,,,
All/436_Right Foot_Bend_N45,0,,Right Foot,-45,,,,,
All/437_Right Foot_Side_N10,0,,Right Foot,,-10,,,,
All/438_Right Foot_Side_25,0,,Right Foot,,25,,,,
All/439_Right Foot_Twist_N15,0,,Right Foot,,,-15,,,
All/440_Right Foot_Twist_35,0,,Right Foot,,,35,,,
All/441_Right Metatarsals_Bend_25,0,,Right Metatarsals,25,,,,,
All/442_Right Metatarsals_Bend_N20,0,,Right Metatarsals,-20,,,,,
All/443_Right Metatarsals_Twist_N20,0,,Right Metatarsals,,,-20,,,
All/444_Right Metatarsals_Twist_20,0,,Right Metatarsals,,,20,,,
All/445_Right Toes_Bend_40,0,,Right Toes,40,,,,,
All/446_Right Toes_Bend_N60_JCM,0,,Right Toes,-60,,,,,
All/447_Right Toes_Twist_N20,0,,Right Toes,,,-20,,,
All/448_Right Toes_Twist_20,0,,Right Toes,,,20,,,
All/449_Right Small Toe 4_Bend_45,0,,Right Small Toe 4,45,,,,,
All/450_Right Small Toe 4_Bend_N65,0,,Right Small Toe 4,-65,,,,,
All/451_Right Small Toe 4_Side_N20,0,,Right Small Toe 4,,-20,,,,
All/452_Right Small Toe 4_Side_10,0,,Right Small Toe 4,,10,,,,
All/453_Right Small Toe 4_Twist_N5,0,,Right Small Toe 4,,,-5,,,
All/454_Right Small Toe 4_Twist_5,0,,Right Small Toe 4,,,5,,,
All/455_Right Small Toe 4_2_Bend_40,0,,Right Small Toe 4_2,40,,,,,
All/456_Right Small Toe 4_2_Bend_N30,0,,Right Small Toe 4_2,-30,,,,,
All/457_Right Small Toe 3_Bend_45,0,,Right Small Toe 3,45,,,,,
All/458_Right Small Toe 3_Bend_N65,0,,Right Small Toe 3,-65,,,,,
All/459_Right Small Toe 3_Side_N10,0,,Right Small Toe 3,,-10,,,,
All/460_Right Small Toe 3_Side_10,0,,Right Small Toe 3,,10,,,,
All/461_Right Small Toe 3_Twist_N5,0,,Right Small Toe 3,,,-5,,,
All/462_Right Small Toe 3_Twist_5,0,,Right Small Toe 3,,,5,,,
All/463_Right Small Toe 3_2_Bend_50,0,,Right Small Toe 3_2,50,,,,,
All/464_Right Small Toe 3_2_Bend_N30,0,,Right Small Toe 3_2,-30,,,,,
All/465_Right Small Toe 2_Bend_45,0,,Right Small Toe 2,45,,,,,
All/466_Right Small Toe 2_Bend_N65,0,,Right Small Toe 2,-65,,,,,
All/467_Right Small Toe 2_Side_N10,0,,Right Small Toe 2,,-10,,,,
All/468_Right Small Toe 2_Side_10,0,,Right Small Toe 2,,10,,,,
All/469_Right Small Toe 2_Twist_N5,0,,Right Small Toe 2,,,-5,,,
All/470_Right Small Toe 2_Twist_5,0,,Right Small Toe 2,,,5,,,
All/471_Right Small Toe 2_2_Bend_50,0,,Right Small Toe 2_2,50,,,,,
All/472_Right Small Toe 2_2_Bend_N30,0,,Right Small Toe 2_2,-30,,,,,
All/473_Right Small Toe 1_Bend_45,0,,Right Small Toe 1,45,,,,,
All/474_Right Small Toe 1_Bend_N65,0,,Right Small Toe 1,-65,,,,,
All/475_Right Small Toe 1_Side_N10,0,,Right Small Toe 1,,-10,,,,
All/476_Right Small Toe 1_Side_10,0,,Right Small Toe 1,,10,,,,
All/477_Right Small Toe 1_Twist_N5,0,,Right Small Toe 1,,,-5,,,
All/478_Right Small Toe 1_Twist_5,0,,Right Small Toe 1,,,5,,,
All/479_Right Small Toe 1_2_Bend_40,0,,Right Small Toe 1_2,40,,,,,
All/480_Right Small Toe 1_2_Bend_N30,0,,Right Small Toe 1_2,-30,,,,,
All/481_Right Big Toe_Bend_45_JCM,0,,Right Big Toe,45,,,,,
All/482_Right Big Toe_Bend_N65,0,,Right Big Toe,-65,,,,,
All/483_Right Big Toe_Side_N10,0,,Right Big Toe,,-10,,,,
All/484_Right Big Toe_Side_15,0,,Right Big Toe,,15,,,,
All/485_Right Big Toe_Twist_N5,0,,Right Big Toe,,,-5,,,
All/486_Right Big Toe_Twist_5,0,,Right Big Toe,,,5,,,
All/487_Right Big Toe_2_Bend_60,0,,Right Big Toe_2,60,,,,,
All/488_Right Big Toe_2_Bend_N30,0,,Right Big Toe_2,-30,,,,,
All/489_Right Pectoral_UpDown_10,0,,Right Pectoral,10,,,,,
All/490_Right Pectoral_UpDown_N10,0,,Right Pectoral,-10,,,,,
All/491_Right Pectoral_Side_N10,0,,Right Pectoral,,-10,,,,
All/492_Right Pectoral_Side_10,0,,Right Pectoral,,10,,,,
All/493_Right Pectoral_Twist_N15,0,,Right Pectoral,,,-15,,,
All/494_Right Pectoral_Twist_15,0,,Right Pectoral,,,15,,,
All/495_Right Pectoral_X Translate_N3,0,,Right Pectoral,,,,-3,,
All/496_Right Pectoral_X Translate_3,0,,Right Pectoral,,,,3,,
All/497_Right Pectoral_Y Translate_3,0,,Right Pectoral,,,,,3,
All/498_Right Pectoral_Y Translate_N3,0,,Right Pectoral,,,,,-3,
All/499_Right Pectoral_Z Translate_3,0,,Right Pectoral,,,,,,3
All/500_Right Pectoral_Z Translate_N3,0,,Right Pectoral,,,,,,-3
All/501_Right Collar_Twist_30_JCM,0,,Right Collar,30,,,,,
All/502_Right Collar_Twist_N30_JCM,0,,Right Collar,-30,,,,,
All/503_Right Collar_FrontBack_N17_JCM,0,,Right Collar,,-17,,,,
All/504_Right Collar_FrontBack_26,0,,Right Collar,,26,,,,
All/505_Right Collar_Bend_N55_JCM,0,,Right Collar,,,-55,,,
All/506_Right Collar_Bend_10,0,,Right Collar,,,10,,,
All/507_Right Shoulder Bend_FrontBack_N40,0,,Right Shoulder Bend,,-40,,,,
All/508_Right Shoulder Bend_FrontBack_110_JCM,0,,Right Shoulder Bend,,110,,,,
All/509_Right Shoulder Bend_FrontBack_N22,0,,Right Shoulder Bend,,-22,,,,
All/510_Right Shoulder Bend_FrontBack_N4,0,,Right Shoulder Bend,,-4,,,,
All/511_Right Shoulder Bend_FrontBack_15_JCM,0,,Right Shoulder Bend,,15,,,,
All/512_Right Shoulder Bend_FrontBack_34_JCM,0,,Right Shoulder Bend,,34,,,,
All/513_Right Shoulder Bend_FrontBack_53_JCM,0,,Right Shoulder Bend,,53,,,,
All/514_Right Shoulder Bend_FrontBack_72_JCM,0,,Right Shoulder Bend,,72,,,,
All/515_Right Shoulder Bend_FrontBack_91_JCM,0,,Right Shoulder Bend,,91,,,,
All/516_Right Shoulder Bend_Bend_N90_JCM,0,,Right Shoulder Bend,,,-90,,,
All/517_Right Shoulder Bend_Bend_40_JCM,0,,Right Shoulder Bend,,,40,,,
All/518_Right Shoulder Bend_Bend_23_JCM,0,,Right Shoulder Bend,,,23,,,
All/519_Right Shoulder Bend_Bend_6_JCM,0,,Right Shoulder Bend,,,6,,,
All/520_Right Shoulder Bend_Bend_N10_JCM,0,,Right Shoulder Bend,,,-10,,,
All/521_Right Shoulder Bend_Bend_N26_JCM,0,,Right Shoulder Bend,,,-26,,,
All/522_Right Shoulder Bend_Bend_N42_JCM,0,,Right Shoulder Bend,,,-42,,,
All/523_Right Shoulder Bend_Bend_N58_JCM,0,,Right Shoulder Bend,,,-58,,,
All/524_Right Shoulder Bend_Bend_N74_JCM,0,,Right Shoulder Bend,,,-74,,,
All/525_Right Shoulder Twist_Twist_80,0,,Right Shoulder Twist,80,,,,,
All/526_Right Shoulder Twist_Twist_N95,0,,Right Shoulder Twist,-95,,,,,
All/527_Right Shoulder Bend_Front110Bend_40_JCM,0,,Right Shoulder Bend,,110,40,,,
All/528_Right Shoulder Bend_Front97Bend_35_JCM,0,,Right Shoulder Bend,,97,35,,,
All/529_Right Shoulder Bend_Front83Bend_30_JCM,0,,Right Shoulder Bend,,83,30,,,
All/530_Right Shoulder Bend_Front69Bend_25_JCM,0,,Right Shoulder Bend,,69,25,,,
All/531_Right Shoulder Bend_Front55Bend_20_JCM,0,,Right Shoulder Bend,,55,20,,,
All/532_Right Shoulder Bend_Front41Bend_15_JCM,0,,Right Shoulder Bend,,41,15,,,
All/533_Right Shoulder Bend_Front27Bend_10_JCM,0,,Right Shoulder Bend,,27,10,,,
All/534_Right Shoulder Bend_Front14Bend_5_JCM,0,,Right Shoulder Bend,,14,5,,,
All/535_Right Shoulder Bend_Front110Bend_N90_JCM,0,,Right Shoulder Bend,,110,-90,,,
All/536_Right Shoulder Bend_Front97Bend_N79_JCM,0,,Right Shoulder Bend,,97,-79,,,
All/537_Right Shoulder Bend_Front83Bend_N68_JCM,0,,Right Shoulder Bend,,83,-68,,,
All/538_Right Shoulder Bend_Front69Bend_N57_JCM,0,,Right Shoulder Bend,,69,-57,,,
All/539_Right Shoulder Bend_Front55Bend_N45_JCM,0,,Right Shoulder Bend,,55,-45,,,
All/540_Right Shoulder Bend_Front41Bend_N34_JCM,0,,Right Shoulder Bend,,41,-34,,,
All/541_Right Shoulder Bend_Front27Bend_N23_JCM,0,,Right Shoulder Bend,,27,-23,,,
All/542_Right Shoulder Bend_Front14Bend_N11_JCM,0,,Right Shoulder Bend,,14,-11,,,
All/543_Right Forearm Bend_Bend_N20_JCM,0,,Right Forearm Bend,,-20,,,,
All/544_Right Forearm Bend_Bend_75_JCM,0,,Right Forearm Bend,,75,,,,
All/545_Right Forearm Bend_Bend_135_JCM,0,,Right Forearm Bend,,135,,,,
All/546_Right Forearm Bend_Bend_115_JCM,0,,Right Forearm Bend,,115,,,,
All/547_Right Forearm Bend_Bend_95_JCM,0,,Right Forearm Bend,,95,,,,
All/548_Right Forearm Bend_Bend_56_JCM,0,,Right Forearm Bend,,56,,,,
All/549_Right Forearm Bend_Bend_37_JCM,0,,Right Forearm Bend,,37,,,,
All/550_Right Forearm Bend_Bend_18_JCM,0,,Right Forearm Bend,,18,,,,
All/551_Right Forearm Bend_Bend_N1,0,,Right Forearm Bend,,-1,,,,
All/552_Right Forearm Twist_Twist_80,0,,Right Forearm Twist,80,,,,,
All/553_Right Forearm Twist_Twist_N90,0,,Right Forearm Twist,-90,,,,,
,0,,Right Forearm Bend,,110,,,,
All/554_Right Forearm Twist_Twist_N90_JCM,,,Right Forearm Twist,-90,,,,,
All/555_Right Hand_Twist_10,0,,Right Hand,10,,,,,
All/556_Right Hand_Twist_N10,0,,Right Hand,-10,,,,,
All/557_Right Hand_Side_N30,0,,Right Hand,,-30,,,,
All/558_Right Hand_Side_28,0,,Right Hand,,28,,,,
All/559_Right Hand_Bend_N80_JCM,0,,Right Hand,,,-80,,,
All/560_Right Hand_Bend_70_JCM,0,,Right Hand,,,70,,,
All/561_Right Hand_Bend_51_JCM,0,,Right Hand,,,51,,,
All/562_Right Hand_Bend_32_JCM,0,,Right Hand,,,32,,,
All/563_Right Hand_Bend_13_JCM,0,,Right Hand,,,13,,,
All/564_Right Hand_Bend_N6_JCM,0,,Right Hand,,,-6,,,
All/565_Right Hand_Bend_N25_JCM,0,,Right Hand,,,-25,,,
All/566_Right Hand_Bend_N44_JCM,0,,Right Hand,,,-44,,,
All/567_Right Hand_Bend_N62_JCM,0,,Right Hand,,,-62,,,
All/568_Right Thumb 1_Twist_36,0,,Right Thumb 1,36,,,,,
All/569_Right Thumb 1_Twist_N15,0,,Right Thumb 1,-15,,,,,
All/570_Right Thumb 1_Bend_N40,0,,Right Thumb 1,,-40,,,,
All/571_Right Thumb 1_Bend_N50_JCM,0,,Right Thumb 1,,-50,,,,
All/572_Right Thumb 1_Bend_26,0,,Right Thumb 1,,26,,,,
All/573_Right Thumb 1_UpDown_N20_JCM,0,,Right Thumb 1,,,-20,,,
All/574_Right Thumb 1_UpDown_20,0,,Right Thumb 1,,,20,,,
All/575_Right Thumb 2_Bend_N65_JCM,0,,Right Thumb 2,,-65,,,,
All/576_Right Thumb 2_Bend_15,0,,Right Thumb 2,,15,,,,
All/577_Right Thumb 3_Bend_N90_JCM,0,,Right Thumb 3,,-90,,,,
All/578_Right Thumb 3_Bend_N77_JCM,0,,Right Thumb 3,,-77,,,,
All/579_Right Thumb 3_Bend_N64_JCM,0,,Right Thumb 3,,-64,,,,
All/580_Right Thumb 3_Bend_N50_JCM,0,,Right Thumb 3,,-50,,,,
All/581_Right Thumb 3_Bend_N36_JCM,0,,Right Thumb 3,,-36,,,,
All/582_Right Thumb 3_Bend_N22_JCM,0,,Right Thumb 3,,-22,,,,
All/583_Right Thumb 3_Bend_N8_JCM,0,,Right Thumb 3,,-8,,,,
All/584_Right Thumb 3_Bend_6,0,,Right Thumb 3,,6,,,,
All/585_Right Thumb 3_Bend_20,0,,Right Thumb 3,,20,,,,
All/586_Right Carpal 1_Side_N4,0,,Right Carpal 1,,-4,,,,
All/587_Right Carpal 1_Side_3,0,,Right Carpal 1,,3,,,,
All/588_Right Carpal 1_Bend_N4,0,,Right Carpal 1,,,-4,,,
All/589_Right Carpal 1_Bend_4,0,,Right Carpal 1,,,4,,,
All/590_Right Index 1_Twist_5,0,,Right Index 1,5,,,,,
All/591_Right Index 1_Twist_N5,0,,Right Index 1,-5,,,,,
All/592_Right Index 1_Side_N12,0,,Right Index 1,,-12,,,,
All/593_Right Index 1_Side_18,0,,Right Index 1,,18,,,,
All/594_Right Index 1_Bend_N50,0,,Right Index 1,,,-50,,,
All/595_Right Index 1_Bend_90_JCM,0,,Right Index 1,,,90,,,
All/596_Right Index 1_Bend_72_JCM,0,,Right Index 1,,,72,,,
All/597_Right Index 1_Bend_54_JCM,0,,Right Index 1,,,54,,,
All/598_Right Index 1_Bend_36_JCM,0,,Right Index 1,,,36,,,
All/599_Right Index 1_Bend_18_JCM,0,,Right Index 1,,,18,,,
All/600_Right Index 1_Bend_1_JCM,0,,Right Index 1,,,1,,,
All/601_Right Index 1_Bend_N16,0,,Right Index 1,,,-16,,,
All/602_Right Index 1_Bend_N33,0,,Right Index 1,,,-33,,,
All/603_Right Index 2_Bend_N12,0,,Right Index 2,,,-12,,,
All/604_Right Index 2_Bend_105_JCM,0,,Right Index 2,,,105,,,
All/605_Right Index 2_Bend_90_JCM,0,,Right Index 2,,,90,,,
All/606_Right Index 2_Bend_75_JCM,0,,Right Index 2,,,75,,,
All/607_Right Index 2_Bend_60_JCM,0,,Right Index 2,,,60,,,
All/608_Right Index 2_Bend_45_JCM,0,,Right Index 2,,,45,,,
All/609_Right Index 2_Bend_30_JCM,0,,Right Index 2,,,30,,,
All/610_Right Index 2_Bend_16_JCM,0,,Right Index 2,,,16,,,
All/611_Right Index 2_Bend_2_JCM,0,,Right Index 2,,,2,,,
All/612_Right Index 3_Bend_N20,0,,Right Index 3,,,-20,,,
All/613_Right Index 3_Bend_90_JCM,0,,Right Index 3,,,90,,,
All/614_Right Index 3_Bend_76_JCM,0,,Right Index 3,,,76,,,
All/615_Right Index 3_Bend_62_JCM,0,,Right Index 3,,,62,,,
All/616_Right Index 3_Bend_48_JCM,0,,Right Index 3,,,48,,,
All/617_Right Index 3_Bend_34_JCM,0,,Right Index 3,,,34,,,
All/618_Right Index 3_Bend_20_JCM,0,,Right Index 3,,,20,,,
All/619_Right Index 3_Bend_6_JCM,0,,Right Index 3,,,6,,,
All/620_Right Index 3_Bend_N7,0,,Right Index 3,,,-7,,,
All/621_Right Carpal 2_Side_N2,0,,Right Carpal 2,,-2,,,,
All/622_Right Carpal 2_Side_2,0,,Right Carpal 2,,2,,,,
All/623_Right Carpal 2_Bend_N4,0,,Right Carpal 2,,,-4,,,
All/624_Right Carpal 2_Bend_4,0,,Right Carpal 2,,,4,,,
All/625_Right Mid 1_Twist_5,0,,Right Mid 1,5,,,,,
All/626_Right Mid 1_Twist_N5,0,,Right Mid 1,-5,,,,,
All/627_Right Mid 1_Side_N12,0,,Right Mid 1,,-12,,,,
All/628_Right Mid 1_Side_12,0,,Right Mid 1,,12,,,,
All/629_Right Mid 1_Bend_N50,0,,Right Mid 1,,,-50,,,
All/630_Right Mid 1_Bend_95_JCM,0,,Right Mid 1,,,95,,,
All/631_Right Mid 1_Bend_76_JCM,0,,Right Mid 1,,,76,,,
All/632_Right Mid 1_Bend_58_JCM,0,,Right Mid 1,,,58,,,
All/633_Right Mid 1_Bend_40_JCM,0,,Right Mid 1,,,40,,,
All/634_Right Mid 1_Bend_22_JCM,0,,Right Mid 1,,,22,,,
All/635_Right Mid 1_Bend_4_JCM,0,,Right Mid 1,,,4,,,
All/636_Right Mid 1_Bend_N14,0,,Right Mid 1,,,-14,,,
All/637_Right Mid 1_Bend_N32,0,,Right Mid 1,,,-32,,,
All/638_Right Mid 2_Bend_N12,0,,Right Mid 2,,,-12,,,
All/639_Right Mid 2_Bend_105_JCM,0,,Right Mid 2,,,105,,,
All/640_Right Mid 2_Bend_90_JCM,0,,Right Mid 2,,,90,,,
All/641_Right Mid 2_Bend_75_JCM,0,,Right Mid 2,,,75,,,
All/642_Right Mid 2_Bend_60_JCM,0,,Right Mid 2,,,60,,,
All/643_Right Mid 2_Bend_45_JCM,0,,Right Mid 2,,,45,,,
All/644_Right Mid 2_Bend_30_JCM,0,,Right Mid 2,,,30,,,
All/645_Right Mid 2_Bend_16_JCM,0,,Right Mid 2,,,16,,,
All/646_Right Mid 2_Bend_2_JCM,0,,Right Mid 2,,,2,,,
All/647_Right Mid 3_Bend_N20,0,,Right Mid 3,,,-20,,,
All/648_Right Mid 3_Bend_90_JCM,0,,Right Mid 3,,,90,,,
All/649_Right Mid 3_Bend_76_JCM,0,,Right Mid 3,,,76,,,
All/650_Right Mid 3_Bend_62_JCM,0,,Right Mid 3,,,62,,,
All/651_Right Mid 3_Bend_48_JCM,0,,Right Mid 3,,,48,,,
All/652_Right Mid 3_Bend_34_JCM,0,,Right Mid 3,,,34,,,
All/653_Right Mid 3_Bend_20_JCM,0,,Right Mid 3,,,20,,,
All/654_Right Mid 3_Bend_6_JCM,0,,Right Mid 3,,,6,,,
All/655_Right Mid 3_Bend_N7,0,,Right Mid 3,,,-7,,,
All/656_Right Carpal 3_Side_N3,0,,Right Carpal 3,,-3,,,,
All/657_Right Carpal 3_Side_3,0,,Right Carpal 3,,3,,,,
All/658_Right Carpal 3_Bend_N4,0,,Right Carpal 3,,,-4,,,
All/659_Right Carpal 3_Bend_4,0,,Right Carpal 3,,,4,,,
All/660_Right Ring 1_Twist_5,0,,Right Ring 1,5,,,,,
All/661_Right Ring 1_Twist_N5,0,,Right Ring 1,-5,,,,,
All/662_Right Ring 1_Side_N12,0,,Right Ring 1,,-12,,,,
All/663_Right Ring 1_Side_12,0,,Right Ring 1,,12,,,,
All/664_Right Ring 1_Bend_N50,0,,Right Ring 1,,,-50,,,
All/665_Right Ring 1_Bend_90_JCM,0,,Right Ring 1,,,90,,,
All/666_Right Ring 1_Bend_72_JCM,0,,Right Ring 1,,,72,,,
All/667_Right Ring 1_Bend_54_JCM,0,,Right Ring 1,,,54,,,
All/668_Right Ring 1_Bend_36_JCM,0,,Right Ring 1,,,36,,,
All/669_Right Ring 1_Bend_18_JCM,0,,Right Ring 1,,,18,,,
All/670_Right Ring 1_Bend_1_JCM,0,,Right Ring 1,,,1,,,
All/671_Right Ring 1_Bend_N16,0,,Right Ring 1,,,-16,,,
All/672_Right Ring 1_Bend_N33,0,,Right Ring 1,,,-33,,,
All/673_Right Ring 2_Bend_N12,0,,Right Ring 2,,,-12,,,
All/674_Right Ring 2_Bend_105_JCM,0,,Right Ring 2,,,105,,,
All/675_Right Ring 2_Bend_90_JCM,0,,Right Ring 2,,,90,,,
All/676_Right Ring 2_Bend_75_JCM,0,,Right Ring 2,,,75,,,
All/677_Right Ring 2_Bend_60_JCM,0,,Right Ring 2,,,60,,,
All/678_Right Ring 2_Bend_45_JCM,0,,Right Ring 2,,,45,,,
All/679_Right Ring 2_Bend_30_JCM,0,,Right Ring 2,,,30,,,
All/680_Right Ring 2_Bend_16_JCM,0,,Right Ring 2,,,16,,,
All/681_Right Ring 2_Bend_2_JCM,0,,Right Ring 2,,,2,,,
All/682_Right Ring 3_Bend_N20,0,,Right Ring 3,,,-20,,,
All/683_Right Ring 3_Bend_90_JCM,0,,Right Ring 3,,,90,,,
All/684_Right Ring 3_Bend_76_JCM,0,,Right Ring 3,,,76,,,
All/685_Right Ring 3_Bend_62_JCM,0,,Right Ring 3,,,62,,,
All/686_Right Ring 3_Bend_48_JCM,0,,Right Ring 3,,,48,,,
All/687_Right Ring 3_Bend_34_JCM,0,,Right Ring 3,,,34,,,
All/688_Right Ring 3_Bend_20_JCM,0,,Right Ring 3,,,20,,,
All/689_Right Ring 3_Bend_6_JCM,0,,Right Ring 3,,,6,,,
All/690_Right Ring 3_Bend_N7,0,,Right Ring 3,,,-7,,,
All/691_Right Carpal 4_Side_N3,0,,Right Carpal 4,,-3,,,,
All/692_Right Carpal 4_Side_4,0,,Right Carpal 4,,4,,,,
All/693_Right Carpal 4_Bend_N4,0,,Right Carpal 4,,,-4,,,
All/694_Right Carpal 4_Bend_4,0,,Right Carpal 4,,,4,,,
All/695_Right Pinky 1_Twist_5,0,,Right Pinky 1,5,,,,,
All/696_Right Pinky 1_Twist_N5,0,,Right Pinky 1,-5,,,,,
All/697_Right Pinky 1_Side_N18,0,,Right Pinky 1,,-18,,,,
All/698_Right Pinky 1_Side_12,0,,Right Pinky 1,,12,,,,
All/699_Right Pinky 1_Bend_N50,0,,Right Pinky 1,,,-50,,,
All/700_Right Pinky 1_Bend_90_JCM,0,,Right Pinky 1,,,90,,,
All/701_Right Pinky 1_Bend_72_JCM,0,,Right Pinky 1,,,72,,,
All/702_Right Pinky 1_Bend_54_JCM,0,,Right Pinky 1,,,54,,,
All/703_Right Pinky 1_Bend_36_JCM,0,,Right Pinky 1,,,36,,,
All/704_Right Pinky 1_Bend_18_JCM,0,,Right Pinky 1,,,18,,,
All/705_Right Pinky 1_Bend_1_JCM,0,,Right Pinky 1,,,1,,,
All/706_Right Pinky 1_Bend_N16,0,,Right Pinky 1,,,-16,,,
All/707_Right Pinky 1_Bend_N33,0,,Right Pinky 1,,,-33,,,
All/708_Right Pinky 2_Bend_N12,0,,Right Pinky 2,,,-12,,,
All/709_Right Pinky 2_Bend_105_JCM,0,,Right Pinky 2,,,105,,,
All/710_Right Pinky 2_Bend_90_JCM,0,,Right Pinky 2,,,90,,,
All/711_Right Pinky 2_Bend_75_JCM,0,,Right Pinky 2,,,75,,,
All/712_Right Pinky 2_Bend_60_JCM,0,,Right Pinky 2,,,60,,,
All/713_Right Pinky 2_Bend_45_JCM,0,,Right Pinky 2,,,45,,,
All/714_Right Pinky 2_Bend_30_JCM,0,,Right Pinky 2,,,30,,,
All/715_Right Pinky 2_Bend_16_JCM,0,,Right Pinky 2,,,16,,,
All/716_Right Pinky 2_Bend_2_JCM,0,,Right Pinky 2,,,2,,,
All/717_Right Pinky 3_Bend_N20,0,,Right Pinky 3,,,-20,,,
All/718_Right Pinky 3_Bend_90_JCM,0,,Right Pinky 3,,,90,,,
All/719_Right Pinky 3_Bend_76_JCM,0,,Right Pinky 3,,,76,,,
All/720_Right Pinky 3_Bend_62_JCM,0,,Right Pinky 3,,,62,,,
All/721_Right Pinky 3_Bend_48_JCM,0,,Right Pinky 3,,,48,,,
All/722_Right Pinky 3_Bend_34_JCM,0,,Right Pinky 3,,,34,,,
All/723_Right Pinky 3_Bend_20_JCM,0,,Right Pinky 3,,,20,,,
All/724_Right Pinky 3_Bend_6_JCM,0,,Right Pinky 3,,,6,,,
All/725_Right Pinky 3_Bend_N7,0,,Right Pinky 3,,,-7,,,
